schema_name,routine_name,routine_kind,identity_signature,arguments,return_type,owner,language,volatility,security_definer,parallel,ddl
auth,email,function,email(),,text,supabase_auth_admin,sql,stable,false,unsafe,"CREATE OR REPLACE FUNCTION auth.email()
 RETURNS text
 LANGUAGE sql
 STABLE
AS $function$
  select 
  coalesce(
    nullif(current_setting('request.jwt.claim.email', true), ''),
    (nullif(current_setting('request.jwt.claims', true), '')::jsonb ->> 'email')
  )::text
$function$
"
auth,jwt,function,jwt(),,jsonb,supabase_auth_admin,sql,stable,false,unsafe,"CREATE OR REPLACE FUNCTION auth.jwt()
 RETURNS jsonb
 LANGUAGE sql
 STABLE
AS $function$
  select 
    coalesce(
        nullif(current_setting('request.jwt.claim', true), ''),
        nullif(current_setting('request.jwt.claims', true), '')
    )::jsonb
$function$
"
auth,role,function,role(),,text,supabase_auth_admin,sql,stable,false,unsafe,"CREATE OR REPLACE FUNCTION auth.role()
 RETURNS text
 LANGUAGE sql
 STABLE
AS $function$
  select 
  coalesce(
    nullif(current_setting('request.jwt.claim.role', true), ''),
    (nullif(current_setting('request.jwt.claims', true), '')::jsonb ->> 'role')
  )::text
$function$
"
auth,uid,function,uid(),,uuid,supabase_auth_admin,sql,stable,false,unsafe,"CREATE OR REPLACE FUNCTION auth.uid()
 RETURNS uuid
 LANGUAGE sql
 STABLE
AS $function$
  select 
  coalesce(
    nullif(current_setting('request.jwt.claim.sub', true), ''),
    (nullif(current_setting('request.jwt.claims', true), '')::jsonb ->> 'sub')
  )::uuid
$function$
"
cron,alter_job,function,"alter_job(job_id bigint, schedule text, command text, database text, username text, active boolean)","job_id bigint, schedule text DEFAULT NULL::text, command text DEFAULT NULL::text, database text DEFAULT NULL::text, username text DEFAULT NULL::text, active boolean DEFAULT NULL::boolean",void,supabase_admin,c,volatile,false,unsafe,"CREATE OR REPLACE FUNCTION cron.alter_job(job_id bigint, schedule text DEFAULT NULL::text, command text DEFAULT NULL::text, database text DEFAULT NULL::text, username text DEFAULT NULL::text, active boolean DEFAULT NULL::boolean)
 RETURNS void
 LANGUAGE c
AS '$libdir/pg_cron', $function$cron_alter_job$function$
"
cron,job_cache_invalidate,function,job_cache_invalidate(),,trigger,supabase_admin,c,volatile,false,unsafe,"CREATE OR REPLACE FUNCTION cron.job_cache_invalidate()
 RETURNS trigger
 LANGUAGE c
AS '$libdir/pg_cron', $function$cron_job_cache_invalidate$function$
"
cron,schedule,function,"schedule(job_name text, schedule text, command text)","job_name text, schedule text, command text",bigint,supabase_admin,c,volatile,false,unsafe,"CREATE OR REPLACE FUNCTION cron.schedule(job_name text, schedule text, command text)
 RETURNS bigint
 LANGUAGE c
AS '$libdir/pg_cron', $function$cron_schedule_named$function$
"
cron,schedule,function,"schedule(schedule text, command text)","schedule text, command text",bigint,supabase_admin,c,volatile,false,unsafe,"CREATE OR REPLACE FUNCTION cron.schedule(schedule text, command text)
 RETURNS bigint
 LANGUAGE c
 STRICT
AS '$libdir/pg_cron', $function$cron_schedule$function$
"
cron,schedule_in_database,function,"schedule_in_database(job_name text, schedule text, command text, database text, username text, active boolean)","job_name text, schedule text, command text, database text, username text DEFAULT NULL::text, active boolean DEFAULT true",bigint,supabase_admin,c,volatile,false,unsafe,"CREATE OR REPLACE FUNCTION cron.schedule_in_database(job_name text, schedule text, command text, database text, username text DEFAULT NULL::text, active boolean DEFAULT true)
 RETURNS bigint
 LANGUAGE c
AS '$libdir/pg_cron', $function$cron_schedule_named$function$
"
cron,unschedule,function,unschedule(job_id bigint),job_id bigint,boolean,supabase_admin,c,volatile,false,unsafe,"CREATE OR REPLACE FUNCTION cron.unschedule(job_id bigint)
 RETURNS boolean
 LANGUAGE c
 STRICT
AS '$libdir/pg_cron', $function$cron_unschedule$function$
"
cron,unschedule,function,unschedule(job_name text),job_name text,boolean,supabase_admin,c,volatile,false,unsafe,"CREATE OR REPLACE FUNCTION cron.unschedule(job_name text)
 RETURNS boolean
 LANGUAGE c
 STRICT
AS '$libdir/pg_cron', $function$cron_unschedule_named$function$
"
extensions,bytea_to_text,function,bytea_to_text(data bytea),data bytea,text,supabase_admin,c,immutable,false,unsafe,"CREATE OR REPLACE FUNCTION extensions.bytea_to_text(data bytea)
 RETURNS text
 LANGUAGE c
 IMMUTABLE STRICT
AS '$libdir/http', $function$bytea_to_text$function$
"
extensions,grant_pg_cron_access,function,grant_pg_cron_access(),,event_trigger,supabase_admin,plpgsql,volatile,false,unsafe,"CREATE OR REPLACE FUNCTION extensions.grant_pg_cron_access()
 RETURNS event_trigger
 LANGUAGE plpgsql
AS $function$
BEGIN
  IF EXISTS (
    SELECT
    FROM pg_event_trigger_ddl_commands() AS ev
    JOIN pg_extension AS ext
    ON ev.objid = ext.oid
    WHERE ext.extname = 'pg_cron'
  )
  THEN
    grant usage on schema cron to postgres with grant option;

    alter default privileges in schema cron grant all on tables to postgres with grant option;
    alter default privileges in schema cron grant all on functions to postgres with grant option;
    alter default privileges in schema cron grant all on sequences to postgres with grant option;

    alter default privileges for user supabase_admin in schema cron grant all
        on sequences to postgres with grant option;
    alter default privileges for user supabase_admin in schema cron grant all
        on tables to postgres with grant option;
    alter default privileges for user supabase_admin in schema cron grant all
        on functions to postgres with grant option;

    grant all privileges on all tables in schema cron to postgres with grant option;
    revoke all on table cron.job from postgres;
    grant select on table cron.job to postgres with grant option;
  END IF;
END;
$function$
"
extensions,grant_pg_graphql_access,function,grant_pg_graphql_access(),,event_trigger,supabase_admin,plpgsql,volatile,false,unsafe,"CREATE OR REPLACE FUNCTION extensions.grant_pg_graphql_access()
 RETURNS event_trigger
 LANGUAGE plpgsql
AS $function$
DECLARE
    func_is_graphql_resolve bool;
BEGIN
    func_is_graphql_resolve = (
        SELECT n.proname = 'resolve'
        FROM pg_event_trigger_ddl_commands() AS ev
        LEFT JOIN pg_catalog.pg_proc AS n
        ON ev.objid = n.oid
    );

    IF func_is_graphql_resolve
    THEN
        -- Update public wrapper to pass all arguments through to the pg_graphql resolve func
        DROP FUNCTION IF EXISTS graphql_public.graphql;
        create or replace function graphql_public.graphql(
            ""operationName"" text default null,
            query text default null,
            variables jsonb default null,
            extensions jsonb default null
        )
            returns jsonb
            language sql
        as $$
            select graphql.resolve(
                query := query,
                variables := coalesce(variables, '{}'),
                ""operationName"" := ""operationName"",
                extensions := extensions
            );
        $$;

        -- This hook executes when `graphql.resolve` is created. That is not necessarily the last
        -- function in the extension so we need to grant permissions on existing entities AND
        -- update default permissions to any others that are created after `graphql.resolve`
        grant usage on schema graphql to postgres, anon, authenticated, service_role;
        grant select on all tables in schema graphql to postgres, anon, authenticated, service_role;
        grant execute on all functions in schema graphql to postgres, anon, authenticated, service_role;
        grant all on all sequences in schema graphql to postgres, anon, authenticated, service_role;
        alter default privileges in schema graphql grant all on tables to postgres, anon, authenticated, service_role;
        alter default privileges in schema graphql grant all on functions to postgres, anon, authenticated, service_role;
        alter default privileges in schema graphql grant all on sequences to postgres, anon, authenticated, service_role;

        -- Allow postgres role to allow granting usage on graphql and graphql_public schemas to custom roles
        grant usage on schema graphql_public to postgres with grant option;
        grant usage on schema graphql to postgres with grant option;
    END IF;

END;
$function$
"
extensions,grant_pg_net_access,function,grant_pg_net_access(),,event_trigger,supabase_admin,plpgsql,volatile,false,unsafe,"CREATE OR REPLACE FUNCTION extensions.grant_pg_net_access()
 RETURNS event_trigger
 LANGUAGE plpgsql
AS $function$
  BEGIN
    IF EXISTS (
      SELECT 1
      FROM pg_event_trigger_ddl_commands() AS ev
      JOIN pg_extension AS ext
      ON ev.objid = ext.oid
      WHERE ext.extname = 'pg_net'
    )
    THEN
      GRANT USAGE ON SCHEMA net TO supabase_functions_admin, postgres, anon, authenticated, service_role;

      IF EXISTS (
        SELECT FROM pg_extension
        WHERE extname = 'pg_net'
        -- all versions in use on existing projects as of 2025-02-20
        -- version 0.12.0 onwards don't need these applied
        AND extversion IN ('0.2', '0.6', '0.7', '0.7.1', '0.8', '0.10.0', '0.11.0')
      ) THEN
        ALTER function net.http_get(url text, params jsonb, headers jsonb, timeout_milliseconds integer) SECURITY DEFINER;
        ALTER function net.http_post(url text, body jsonb, params jsonb, headers jsonb, timeout_milliseconds integer) SECURITY DEFINER;

        ALTER function net.http_get(url text, params jsonb, headers jsonb, timeout_milliseconds integer) SET search_path = net;
        ALTER function net.http_post(url text, body jsonb, params jsonb, headers jsonb, timeout_milliseconds integer) SET search_path = net;

        REVOKE ALL ON FUNCTION net.http_get(url text, params jsonb, headers jsonb, timeout_milliseconds integer) FROM PUBLIC;
        REVOKE ALL ON FUNCTION net.http_post(url text, body jsonb, params jsonb, headers jsonb, timeout_milliseconds integer) FROM PUBLIC;

        GRANT EXECUTE ON FUNCTION net.http_get(url text, params jsonb, headers jsonb, timeout_milliseconds integer) TO supabase_functions_admin, postgres, anon, authenticated, service_role;
        GRANT EXECUTE ON FUNCTION net.http_post(url text, body jsonb, params jsonb, headers jsonb, timeout_milliseconds integer) TO supabase_functions_admin, postgres, anon, authenticated, service_role;
      END IF;
    END IF;
  END;
  $function$
"
extensions,http,function,http(request http_request),request http_request,http_response,supabase_admin,c,volatile,false,unsafe,"CREATE OR REPLACE FUNCTION extensions.http(request http_request)
 RETURNS http_response
 LANGUAGE c
AS '$libdir/http', $function$http_request$function$
"
extensions,http_delete,function,http_delete(uri character varying),uri character varying,http_response,supabase_admin,sql,volatile,false,unsafe,"CREATE OR REPLACE FUNCTION extensions.http_delete(uri character varying)
 RETURNS http_response
 LANGUAGE sql
AS $function$ SELECT extensions.http(('DELETE', $1, NULL, NULL, NULL)::extensions.http_request) $function$
"
extensions,http_delete,function,"http_delete(uri character varying, content character varying, content_type character varying)","uri character varying, content character varying, content_type character varying",http_response,supabase_admin,sql,volatile,false,unsafe,"CREATE OR REPLACE FUNCTION extensions.http_delete(uri character varying, content character varying, content_type character varying)
 RETURNS http_response
 LANGUAGE sql
AS $function$ SELECT extensions.http(('DELETE', $1, NULL, $3, $2)::extensions.http_request) $function$
"
extensions,http_get,function,http_get(uri character varying),uri character varying,http_response,supabase_admin,sql,volatile,false,unsafe,"CREATE OR REPLACE FUNCTION extensions.http_get(uri character varying)
 RETURNS http_response
 LANGUAGE sql
AS $function$ SELECT extensions.http(('GET', $1, NULL, NULL, NULL)::extensions.http_request) $function$
"
extensions,http_get,function,"http_get(uri character varying, data jsonb)","uri character varying, data jsonb",http_response,supabase_admin,sql,volatile,false,unsafe,"CREATE OR REPLACE FUNCTION extensions.http_get(uri character varying, data jsonb)
 RETURNS http_response
 LANGUAGE sql
AS $function$
        SELECT extensions.http(('GET', $1 || '?' || extensions.urlencode($2), NULL, NULL, NULL)::extensions.http_request)
    $function$
"
extensions,http_head,function,http_head(uri character varying),uri character varying,http_response,supabase_admin,sql,volatile,false,unsafe,"CREATE OR REPLACE FUNCTION extensions.http_head(uri character varying)
 RETURNS http_response
 LANGUAGE sql
AS $function$ SELECT extensions.http(('HEAD', $1, NULL, NULL, NULL)::extensions.http_request) $function$
"
extensions,http_header,function,"http_header(field character varying, value character varying)","field character varying, value character varying",http_header,supabase_admin,sql,volatile,false,unsafe,"CREATE OR REPLACE FUNCTION extensions.http_header(field character varying, value character varying)
 RETURNS http_header
 LANGUAGE sql
AS $function$ SELECT $1, $2 $function$
"
extensions,http_list_curlopt,function,http_list_curlopt(),,"TABLE(curlopt text, value text)",supabase_admin,c,volatile,false,unsafe,"CREATE OR REPLACE FUNCTION extensions.http_list_curlopt()
 RETURNS TABLE(curlopt text, value text)
 LANGUAGE c
AS '$libdir/http', $function$http_list_curlopt$function$
"
extensions,http_patch,function,"http_patch(uri character varying, content character varying, content_type character varying)","uri character varying, content character varying, content_type character varying",http_response,supabase_admin,sql,volatile,false,unsafe,"CREATE OR REPLACE FUNCTION extensions.http_patch(uri character varying, content character varying, content_type character varying)
 RETURNS http_response
 LANGUAGE sql
AS $function$ SELECT extensions.http(('PATCH', $1, NULL, $3, $2)::extensions.http_request) $function$
"
extensions,http_post,function,"http_post(uri character varying, content character varying, content_type character varying)","uri character varying, content character varying, content_type character varying",http_response,supabase_admin,sql,volatile,false,unsafe,"CREATE OR REPLACE FUNCTION extensions.http_post(uri character varying, content character varying, content_type character varying)
 RETURNS http_response
 LANGUAGE sql
AS $function$ SELECT extensions.http(('POST', $1, NULL, $3, $2)::extensions.http_request) $function$
"
extensions,http_post,function,"http_post(uri character varying, data jsonb)","uri character varying, data jsonb",http_response,supabase_admin,sql,volatile,false,unsafe,"CREATE OR REPLACE FUNCTION extensions.http_post(uri character varying, data jsonb)
 RETURNS http_response
 LANGUAGE sql
AS $function$
        SELECT extensions.http(('POST', $1, NULL, 'application/x-www-form-urlencoded', extensions.urlencode($2))::extensions.http_request)
    $function$
"
extensions,http_put,function,"http_put(uri character varying, content character varying, content_type character varying)","uri character varying, content character varying, content_type character varying",http_response,supabase_admin,sql,volatile,false,unsafe,"CREATE OR REPLACE FUNCTION extensions.http_put(uri character varying, content character varying, content_type character varying)
 RETURNS http_response
 LANGUAGE sql
AS $function$ SELECT extensions.http(('PUT', $1, NULL, $3, $2)::extensions.http_request) $function$
"
extensions,http_reset_curlopt,function,http_reset_curlopt(),,boolean,supabase_admin,c,volatile,false,unsafe,"CREATE OR REPLACE FUNCTION extensions.http_reset_curlopt()
 RETURNS boolean
 LANGUAGE c
AS '$libdir/http', $function$http_reset_curlopt$function$
"
extensions,http_set_curlopt,function,"http_set_curlopt(curlopt character varying, value character varying)","curlopt character varying, value character varying",boolean,supabase_admin,c,volatile,false,unsafe,"CREATE OR REPLACE FUNCTION extensions.http_set_curlopt(curlopt character varying, value character varying)
 RETURNS boolean
 LANGUAGE c
AS '$libdir/http', $function$http_set_curlopt$function$
"
extensions,pg_stat_statements,function,"pg_stat_statements(showtext boolean, OUT userid oid, OUT dbid oid, OUT toplevel boolean, OUT queryid bigint, OUT query text, OUT plans bigint, OUT total_plan_time double precision, OUT min_plan_time double precision, OUT max_plan_time double precision, OUT mean_plan_time double precision, OUT stddev_plan_time double precision, OUT calls bigint, OUT total_exec_time double precision, OUT min_exec_time double precision, OUT max_exec_time double precision, OUT mean_exec_time double precision, OUT stddev_exec_time double precision, OUT rows bigint, OUT shared_blks_hit bigint, OUT shared_blks_read bigint, OUT shared_blks_dirtied bigint, OUT shared_blks_written bigint, OUT local_blks_hit bigint, OUT local_blks_read bigint, OUT local_blks_dirtied bigint, OUT local_blks_written bigint, OUT temp_blks_read bigint, OUT temp_blks_written bigint, OUT shared_blk_read_time double precision, OUT shared_blk_write_time double precision, OUT local_blk_read_time double precision, OUT local_blk_write_time double precision, OUT temp_blk_read_time double precision, OUT temp_blk_write_time double precision, OUT wal_records bigint, OUT wal_fpi bigint, OUT wal_bytes numeric, OUT jit_functions bigint, OUT jit_generation_time double precision, OUT jit_inlining_count bigint, OUT jit_inlining_time double precision, OUT jit_optimization_count bigint, OUT jit_optimization_time double precision, OUT jit_emission_count bigint, OUT jit_emission_time double precision, OUT jit_deform_count bigint, OUT jit_deform_time double precision, OUT stats_since timestamp with time zone, OUT minmax_stats_since timestamp with time zone)","showtext boolean, OUT userid oid, OUT dbid oid, OUT toplevel boolean, OUT queryid bigint, OUT query text, OUT plans bigint, OUT total_plan_time double precision, OUT min_plan_time double precision, OUT max_plan_time double precision, OUT mean_plan_time double precision, OUT stddev_plan_time double precision, OUT calls bigint, OUT total_exec_time double precision, OUT min_exec_time double precision, OUT max_exec_time double precision, OUT mean_exec_time double precision, OUT stddev_exec_time double precision, OUT rows bigint, OUT shared_blks_hit bigint, OUT shared_blks_read bigint, OUT shared_blks_dirtied bigint, OUT shared_blks_written bigint, OUT local_blks_hit bigint, OUT local_blks_read bigint, OUT local_blks_dirtied bigint, OUT local_blks_written bigint, OUT temp_blks_read bigint, OUT temp_blks_written bigint, OUT shared_blk_read_time double precision, OUT shared_blk_write_time double precision, OUT local_blk_read_time double precision, OUT local_blk_write_time double precision, OUT temp_blk_read_time double precision, OUT temp_blk_write_time double precision, OUT wal_records bigint, OUT wal_fpi bigint, OUT wal_bytes numeric, OUT jit_functions bigint, OUT jit_generation_time double precision, OUT jit_inlining_count bigint, OUT jit_inlining_time double precision, OUT jit_optimization_count bigint, OUT jit_optimization_time double precision, OUT jit_emission_count bigint, OUT jit_emission_time double precision, OUT jit_deform_count bigint, OUT jit_deform_time double precision, OUT stats_since timestamp with time zone, OUT minmax_stats_since timestamp with time zone",SETOF record,postgres,c,volatile,false,safe,"CREATE OR REPLACE FUNCTION extensions.pg_stat_statements(showtext boolean, OUT userid oid, OUT dbid oid, OUT toplevel boolean, OUT queryid bigint, OUT query text, OUT plans bigint, OUT total_plan_time double precision, OUT min_plan_time double precision, OUT max_plan_time double precision, OUT mean_plan_time double precision, OUT stddev_plan_time double precision, OUT calls bigint, OUT total_exec_time double precision, OUT min_exec_time double precision, OUT max_exec_time double precision, OUT mean_exec_time double precision, OUT stddev_exec_time double precision, OUT rows bigint, OUT shared_blks_hit bigint, OUT shared_blks_read bigint, OUT shared_blks_dirtied bigint, OUT shared_blks_written bigint, OUT local_blks_hit bigint, OUT local_blks_read bigint, OUT local_blks_dirtied bigint, OUT local_blks_written bigint, OUT temp_blks_read bigint, OUT temp_blks_written bigint, OUT shared_blk_read_time double precision, OUT shared_blk_write_time double precision, OUT local_blk_read_time double precision, OUT local_blk_write_time double precision, OUT temp_blk_read_time double precision, OUT temp_blk_write_time double precision, OUT wal_records bigint, OUT wal_fpi bigint, OUT wal_bytes numeric, OUT jit_functions bigint, OUT jit_generation_time double precision, OUT jit_inlining_count bigint, OUT jit_inlining_time double precision, OUT jit_optimization_count bigint, OUT jit_optimization_time double precision, OUT jit_emission_count bigint, OUT jit_emission_time double precision, OUT jit_deform_count bigint, OUT jit_deform_time double precision, OUT stats_since timestamp with time zone, OUT minmax_stats_since timestamp with time zone)
 RETURNS SETOF record
 LANGUAGE c
 PARALLEL SAFE STRICT
AS '$libdir/pg_stat_statements', $function$pg_stat_statements_1_11$function$
"
extensions,pg_stat_statements_info,function,"pg_stat_statements_info(OUT dealloc bigint, OUT stats_reset timestamp with time zone)","OUT dealloc bigint, OUT stats_reset timestamp with time zone",record,postgres,c,volatile,false,safe,"CREATE OR REPLACE FUNCTION extensions.pg_stat_statements_info(OUT dealloc bigint, OUT stats_reset timestamp with time zone)
 RETURNS record
 LANGUAGE c
 PARALLEL SAFE STRICT
AS '$libdir/pg_stat_statements', $function$pg_stat_statements_info$function$
"
extensions,pg_stat_statements_reset,function,"pg_stat_statements_reset(userid oid, dbid oid, queryid bigint, minmax_only boolean)","userid oid DEFAULT 0, dbid oid DEFAULT 0, queryid bigint DEFAULT 0, minmax_only boolean DEFAULT false",timestamp with time zone,postgres,c,volatile,false,safe,"CREATE OR REPLACE FUNCTION extensions.pg_stat_statements_reset(userid oid DEFAULT 0, dbid oid DEFAULT 0, queryid bigint DEFAULT 0, minmax_only boolean DEFAULT false)
 RETURNS timestamp with time zone
 LANGUAGE c
 PARALLEL SAFE STRICT
AS '$libdir/pg_stat_statements', $function$pg_stat_statements_reset_1_11$function$
"
extensions,pgrst_ddl_watch,function,pgrst_ddl_watch(),,event_trigger,supabase_admin,plpgsql,volatile,false,unsafe,"CREATE OR REPLACE FUNCTION extensions.pgrst_ddl_watch()
 RETURNS event_trigger
 LANGUAGE plpgsql
AS $function$
DECLARE
  cmd record;
BEGIN
  FOR cmd IN SELECT * FROM pg_event_trigger_ddl_commands()
  LOOP
    IF cmd.command_tag IN (
      'CREATE SCHEMA', 'ALTER SCHEMA'
    , 'CREATE TABLE', 'CREATE TABLE AS', 'SELECT INTO', 'ALTER TABLE'
    , 'CREATE FOREIGN TABLE', 'ALTER FOREIGN TABLE'
    , 'CREATE VIEW', 'ALTER VIEW'
    , 'CREATE MATERIALIZED VIEW', 'ALTER MATERIALIZED VIEW'
    , 'CREATE FUNCTION', 'ALTER FUNCTION'
    , 'CREATE TRIGGER'
    , 'CREATE TYPE', 'ALTER TYPE'
    , 'CREATE RULE'
    , 'COMMENT'
    )
    -- don't notify in case of CREATE TEMP table or other objects created on pg_temp
    AND cmd.schema_name is distinct from 'pg_temp'
    THEN
      NOTIFY pgrst, 'reload schema';
    END IF;
  END LOOP;
END; $function$
"
extensions,pgrst_drop_watch,function,pgrst_drop_watch(),,event_trigger,supabase_admin,plpgsql,volatile,false,unsafe,"CREATE OR REPLACE FUNCTION extensions.pgrst_drop_watch()
 RETURNS event_trigger
 LANGUAGE plpgsql
AS $function$
DECLARE
  obj record;
BEGIN
  FOR obj IN SELECT * FROM pg_event_trigger_dropped_objects()
  LOOP
    IF obj.object_type IN (
      'schema'
    , 'table'
    , 'foreign table'
    , 'view'
    , 'materialized view'
    , 'function'
    , 'trigger'
    , 'type'
    , 'rule'
    )
    AND obj.is_temporary IS false -- no pg_temp objects
    THEN
      NOTIFY pgrst, 'reload schema';
    END IF;
  END LOOP;
END; $function$
"
extensions,set_graphql_placeholder,function,set_graphql_placeholder(),,event_trigger,supabase_admin,plpgsql,volatile,false,unsafe,"CREATE OR REPLACE FUNCTION extensions.set_graphql_placeholder()
 RETURNS event_trigger
 LANGUAGE plpgsql
AS $function$
    DECLARE
    graphql_is_dropped bool;
    BEGIN
    graphql_is_dropped = (
        SELECT ev.schema_name = 'graphql_public'
        FROM pg_event_trigger_dropped_objects() AS ev
        WHERE ev.schema_name = 'graphql_public'
    );

    IF graphql_is_dropped
    THEN
        create or replace function graphql_public.graphql(
            ""operationName"" text default null,
            query text default null,
            variables jsonb default null,
            extensions jsonb default null
        )
            returns jsonb
            language plpgsql
        as $$
            DECLARE
                server_version float;
            BEGIN
                server_version = (SELECT (SPLIT_PART((select version()), ' ', 2))::float);

                IF server_version >= 14 THEN
                    RETURN jsonb_build_object(
                        'errors', jsonb_build_array(
                            jsonb_build_object(
                                'message', 'pg_graphql extension is not enabled.'
                            )
                        )
                    );
                ELSE
                    RETURN jsonb_build_object(
                        'errors', jsonb_build_array(
                            jsonb_build_object(
                                'message', 'pg_graphql is only available on projects running Postgres 14 onwards.'
                            )
                        )
                    );
                END IF;
            END;
        $$;
    END IF;

    END;
$function$
"
extensions,text_to_bytea,function,text_to_bytea(data text),data text,bytea,supabase_admin,c,immutable,false,unsafe,"CREATE OR REPLACE FUNCTION extensions.text_to_bytea(data text)
 RETURNS bytea
 LANGUAGE c
 IMMUTABLE STRICT
AS '$libdir/http', $function$text_to_bytea$function$
"
extensions,urlencode,function,urlencode(data jsonb),data jsonb,text,supabase_admin,c,immutable,false,unsafe,"CREATE OR REPLACE FUNCTION extensions.urlencode(data jsonb)
 RETURNS text
 LANGUAGE c
 IMMUTABLE STRICT
AS '$libdir/http', $function$urlencode_jsonb$function$
"
extensions,urlencode,function,urlencode(string bytea),string bytea,text,supabase_admin,c,immutable,false,unsafe,"CREATE OR REPLACE FUNCTION extensions.urlencode(string bytea)
 RETURNS text
 LANGUAGE c
 IMMUTABLE STRICT
AS '$libdir/http', $function$urlencode$function$
"
extensions,urlencode,function,urlencode(string character varying),string character varying,text,supabase_admin,c,immutable,false,unsafe,"CREATE OR REPLACE FUNCTION extensions.urlencode(string character varying)
 RETURNS text
 LANGUAGE c
 IMMUTABLE STRICT
AS '$libdir/http', $function$urlencode$function$
"
graphql,_internal_resolve,function,"_internal_resolve(query text, variables jsonb, ""operationName"" text, extensions jsonb)","query text, variables jsonb DEFAULT '{}'::jsonb, ""operationName"" text DEFAULT NULL::text, extensions jsonb DEFAULT NULL::jsonb",jsonb,supabase_admin,c,volatile,false,unsafe,"CREATE OR REPLACE FUNCTION graphql._internal_resolve(query text, variables jsonb DEFAULT '{}'::jsonb, ""operationName"" text DEFAULT NULL::text, extensions jsonb DEFAULT NULL::jsonb)
 RETURNS jsonb
 LANGUAGE c
AS '$libdir/pg_graphql', $function$resolve_wrapper$function$
"
graphql,comment_directive,function,comment_directive(comment_ text),comment_ text,jsonb,supabase_admin,sql,immutable,false,unsafe,"CREATE OR REPLACE FUNCTION graphql.comment_directive(comment_ text)
 RETURNS jsonb
 LANGUAGE sql
 IMMUTABLE
AS $function$
    /*
    comment on column public.account.name is '@graphql.name: myField'
    */
    select
        coalesce(
            (
                regexp_match(
                    comment_,
                    '@graphql\((.+)\)'
                )
            )[1]::jsonb,
            jsonb_build_object()
        )
$function$
"
graphql,exception,function,exception(message text),message text,text,supabase_admin,plpgsql,volatile,false,unsafe,"CREATE OR REPLACE FUNCTION graphql.exception(message text)
 RETURNS text
 LANGUAGE plpgsql
AS $function$
begin
    raise exception using errcode='22000', message=message;
end;
$function$
"
graphql,get_schema_version,function,get_schema_version(),,integer,supabase_admin,sql,volatile,true,unsafe,"CREATE OR REPLACE FUNCTION graphql.get_schema_version()
 RETURNS integer
 LANGUAGE sql
 SECURITY DEFINER
AS $function$
    select last_value from graphql.seq_schema_version;
$function$
"
graphql,increment_schema_version,function,increment_schema_version(),,event_trigger,supabase_admin,plpgsql,volatile,true,unsafe,"CREATE OR REPLACE FUNCTION graphql.increment_schema_version()
 RETURNS event_trigger
 LANGUAGE plpgsql
 SECURITY DEFINER
AS $function$
begin
    perform pg_catalog.nextval('graphql.seq_schema_version');
end;
$function$
"
graphql,resolve,function,"resolve(query text, variables jsonb, ""operationName"" text, extensions jsonb)","query text, variables jsonb DEFAULT '{}'::jsonb, ""operationName"" text DEFAULT NULL::text, extensions jsonb DEFAULT NULL::jsonb",jsonb,supabase_admin,plpgsql,volatile,false,unsafe,"CREATE OR REPLACE FUNCTION graphql.resolve(query text, variables jsonb DEFAULT '{}'::jsonb, ""operationName"" text DEFAULT NULL::text, extensions jsonb DEFAULT NULL::jsonb)
 RETURNS jsonb
 LANGUAGE plpgsql
AS $function$
declare
    res jsonb;
    message_text text;
begin
  begin
    select graphql._internal_resolve(""query"" := ""query"",
                                     ""variables"" := ""variables"",
                                     ""operationName"" := ""operationName"",
                                     ""extensions"" := ""extensions"") into res;
    return res;
  exception
    when others then
    get stacked diagnostics message_text = message_text;
    return
    jsonb_build_object('data', null,
                       'errors', jsonb_build_array(jsonb_build_object('message', message_text)));
  end;
end;
$function$
"
graphql_public,graphql,function,"graphql(""operationName"" text, query text, variables jsonb, extensions jsonb)","""operationName"" text DEFAULT NULL::text, query text DEFAULT NULL::text, variables jsonb DEFAULT NULL::jsonb, extensions jsonb DEFAULT NULL::jsonb",jsonb,supabase_admin,sql,volatile,false,unsafe,"CREATE OR REPLACE FUNCTION graphql_public.graphql(""operationName"" text DEFAULT NULL::text, query text DEFAULT NULL::text, variables jsonb DEFAULT NULL::jsonb, extensions jsonb DEFAULT NULL::jsonb)
 RETURNS jsonb
 LANGUAGE sql
AS $function$
            select graphql.resolve(
                query := query,
                variables := coalesce(variables, '{}'),
                ""operationName"" := ""operationName"",
                extensions := extensions
            );
        $function$
"
information_schema,_pg_char_max_length,function,"_pg_char_max_length(typid oid, typmod integer)","typid oid, typmod integer",integer,supabase_admin,sql,immutable,false,safe,"CREATE OR REPLACE FUNCTION information_schema._pg_char_max_length(typid oid, typmod integer)
 RETURNS integer
 LANGUAGE sql
 IMMUTABLE PARALLEL SAFE STRICT
RETURN CASE WHEN (typmod = '-1'::integer) THEN NULL::integer WHEN (typid = ANY (ARRAY[(1042)::oid, (1043)::oid])) THEN (typmod - 4) WHEN (typid = ANY (ARRAY[(1560)::oid, (1562)::oid])) THEN typmod ELSE NULL::integer END
"
information_schema,_pg_char_octet_length,function,"_pg_char_octet_length(typid oid, typmod integer)","typid oid, typmod integer",integer,supabase_admin,sql,immutable,false,safe,"CREATE OR REPLACE FUNCTION information_schema._pg_char_octet_length(typid oid, typmod integer)
 RETURNS integer
 LANGUAGE sql
 IMMUTABLE PARALLEL SAFE STRICT
RETURN CASE WHEN (typid = ANY (ARRAY[(25)::oid, (1042)::oid, (1043)::oid])) THEN CASE WHEN (typmod = '-1'::integer) THEN (((2)::double precision ^ (30)::double precision))::integer ELSE (information_schema._pg_char_max_length(typid, typmod) * pg_encoding_max_length((SELECT pg_database.encoding FROM pg_database WHERE (pg_database.datname = current_database())))) END ELSE NULL::integer END
"
information_schema,_pg_datetime_precision,function,"_pg_datetime_precision(typid oid, typmod integer)","typid oid, typmod integer",integer,supabase_admin,sql,immutable,false,safe,"CREATE OR REPLACE FUNCTION information_schema._pg_datetime_precision(typid oid, typmod integer)
 RETURNS integer
 LANGUAGE sql
 IMMUTABLE PARALLEL SAFE STRICT
RETURN CASE WHEN (typid = (1082)::oid) THEN 0 WHEN (typid = ANY (ARRAY[(1083)::oid, (1114)::oid, (1184)::oid, (1266)::oid])) THEN CASE WHEN (typmod < 0) THEN 6 ELSE typmod END WHEN (typid = (1186)::oid) THEN CASE WHEN ((typmod < 0) OR ((typmod & 65535) = 65535)) THEN 6 ELSE (typmod & 65535) END ELSE NULL::integer END
"
information_schema,_pg_expandarray,function,"_pg_expandarray(anyarray, OUT x anyelement, OUT n integer)","anyarray, OUT x anyelement, OUT n integer",SETOF record,supabase_admin,sql,immutable,false,safe,"CREATE OR REPLACE FUNCTION information_schema._pg_expandarray(anyarray, OUT x anyelement, OUT n integer)
 RETURNS SETOF record
 LANGUAGE sql
 IMMUTABLE PARALLEL SAFE STRICT ROWS 100 SUPPORT array_unnest_support
AS $function$SELECT * FROM pg_catalog.unnest($1) WITH ORDINALITY$function$
"
information_schema,_pg_index_position,function,"_pg_index_position(oid, smallint)","oid, smallint",integer,supabase_admin,sql,stable,false,unsafe,"CREATE OR REPLACE FUNCTION information_schema._pg_index_position(oid, smallint)
 RETURNS integer
 LANGUAGE sql
 STABLE STRICT
BEGIN ATOMIC
 SELECT (ss.a).n AS n
    FROM ( SELECT information_schema._pg_expandarray(pg_index.indkey) AS a
            FROM pg_index
           WHERE (pg_index.indexrelid = $1)) ss
   WHERE ((ss.a).x = $2);
END
"
information_schema,_pg_interval_type,function,"_pg_interval_type(typid oid, mod integer)","typid oid, mod integer",text,supabase_admin,sql,immutable,false,safe,"CREATE OR REPLACE FUNCTION information_schema._pg_interval_type(typid oid, mod integer)
 RETURNS text
 LANGUAGE sql
 IMMUTABLE PARALLEL SAFE STRICT
RETURN CASE WHEN (typid = (1186)::oid) THEN upper(SUBSTRING(format_type(typid, mod) SIMILAR 'interval[()0-9]* #""%#""'::text ESCAPE '#'::text)) ELSE NULL::text END
"
information_schema,_pg_numeric_precision,function,"_pg_numeric_precision(typid oid, typmod integer)","typid oid, typmod integer",integer,supabase_admin,sql,immutable,false,safe,"CREATE OR REPLACE FUNCTION information_schema._pg_numeric_precision(typid oid, typmod integer)
 RETURNS integer
 LANGUAGE sql
 IMMUTABLE PARALLEL SAFE STRICT
RETURN CASE typid WHEN 21 THEN 16 WHEN 23 THEN 32 WHEN 20 THEN 64 WHEN 1700 THEN CASE WHEN (typmod = '-1'::integer) THEN NULL::integer ELSE (((typmod - 4) >> 16) & 65535) END WHEN 700 THEN 24 WHEN 701 THEN 53 ELSE NULL::integer END
"
information_schema,_pg_numeric_precision_radix,function,"_pg_numeric_precision_radix(typid oid, typmod integer)","typid oid, typmod integer",integer,supabase_admin,sql,immutable,false,safe,"CREATE OR REPLACE FUNCTION information_schema._pg_numeric_precision_radix(typid oid, typmod integer)
 RETURNS integer
 LANGUAGE sql
 IMMUTABLE PARALLEL SAFE STRICT
RETURN CASE WHEN (typid = ANY (ARRAY[(21)::oid, (23)::oid, (20)::oid, (700)::oid, (701)::oid])) THEN 2 WHEN (typid = (1700)::oid) THEN 10 ELSE NULL::integer END
"
information_schema,_pg_numeric_scale,function,"_pg_numeric_scale(typid oid, typmod integer)","typid oid, typmod integer",integer,supabase_admin,sql,immutable,false,safe,"CREATE OR REPLACE FUNCTION information_schema._pg_numeric_scale(typid oid, typmod integer)
 RETURNS integer
 LANGUAGE sql
 IMMUTABLE PARALLEL SAFE STRICT
RETURN CASE WHEN (typid = ANY (ARRAY[(21)::oid, (23)::oid, (20)::oid])) THEN 0 WHEN (typid = (1700)::oid) THEN CASE WHEN (typmod = '-1'::integer) THEN NULL::integer ELSE ((typmod - 4) & 65535) END ELSE NULL::integer END
"
information_schema,_pg_truetypid,function,"_pg_truetypid(pg_attribute, pg_type)","pg_attribute, pg_type",oid,supabase_admin,sql,immutable,false,safe,"CREATE OR REPLACE FUNCTION information_schema._pg_truetypid(pg_attribute, pg_type)
 RETURNS oid
 LANGUAGE sql
 IMMUTABLE PARALLEL SAFE STRICT
RETURN CASE WHEN (($2).typtype = 'd'::""char"") THEN ($2).typbasetype ELSE ($1).atttypid END
"
information_schema,_pg_truetypmod,function,"_pg_truetypmod(pg_attribute, pg_type)","pg_attribute, pg_type",integer,supabase_admin,sql,immutable,false,safe,"CREATE OR REPLACE FUNCTION information_schema._pg_truetypmod(pg_attribute, pg_type)
 RETURNS integer
 LANGUAGE sql
 IMMUTABLE PARALLEL SAFE STRICT
RETURN CASE WHEN (($2).typtype = 'd'::""char"") THEN ($2).typtypmod ELSE ($1).atttypmod END
"
net,_await_response,function,_await_response(request_id bigint),request_id bigint,boolean,supabase_admin,plpgsql,volatile,false,unsafe,"CREATE OR REPLACE FUNCTION net._await_response(request_id bigint)
 RETURNS boolean
 LANGUAGE plpgsql
AS $function$
declare
    rec net._http_response;
begin
    while rec is null loop
        select *
        into rec
        from net._http_response
        where id = request_id;

        if rec is null then
            -- Wait 50 ms before checking again
            perform pg_sleep(0.05);
        end if;
    end loop;

    return true;
end;
$function$
"
net,_encode_url_with_params_array,function,"_encode_url_with_params_array(url text, params_array text[])","url text, params_array text[]",text,supabase_admin,c,immutable,false,unsafe,"CREATE OR REPLACE FUNCTION net._encode_url_with_params_array(url text, params_array text[])
 RETURNS text
 LANGUAGE c
 IMMUTABLE
AS 'pg_net', $function$_encode_url_with_params_array$function$
"
net,_http_collect_response,function,"_http_collect_response(request_id bigint, async boolean)","request_id bigint, async boolean DEFAULT true",net.http_response_result,supabase_admin,plpgsql,volatile,false,unsafe,"CREATE OR REPLACE FUNCTION net._http_collect_response(request_id bigint, async boolean DEFAULT true)
 RETURNS net.http_response_result
 LANGUAGE plpgsql
AS $function$
declare
    rec net._http_response;
    req_exists boolean;
begin

    if not async then
        perform net._await_response(request_id);
    end if;

    select *
    into rec
    from net._http_response
    where id = request_id;

    if rec is null or rec.error_msg is not null then
        -- The request is either still processing or the request_id provided does not exist

        -- TODO: request in progress is indistinguishable from request that doesn't exist

        -- No request matching request_id found
        return (
            'ERROR',
            coalesce(rec.error_msg, 'request matching request_id not found'),
            null
        )::net.http_response_result;

    end if;

    -- Return a valid, populated http_response_result
    return (
        'SUCCESS',
        'ok',
        (
            rec.status_code,
            rec.headers,
            rec.content
        )::net.http_response
    )::net.http_response_result;
end;
$function$
"
net,_urlencode_string,function,_urlencode_string(string character varying),string character varying,text,supabase_admin,c,immutable,false,unsafe,"CREATE OR REPLACE FUNCTION net._urlencode_string(string character varying)
 RETURNS text
 LANGUAGE c
 IMMUTABLE
AS 'pg_net', $function$_urlencode_string$function$
"
net,check_worker_is_up,function,check_worker_is_up(),,void,supabase_admin,plpgsql,volatile,false,unsafe,"CREATE OR REPLACE FUNCTION net.check_worker_is_up()
 RETURNS void
 LANGUAGE plpgsql
AS $function$
begin
  if not exists (select pid from pg_stat_activity where backend_type ilike '%pg_net%') then
    raise exception using
      message = 'the pg_net background worker is not up'
    , detail  = 'the pg_net background worker is down due to an internal error and cannot process requests'
    , hint    = 'make sure that you didn''t modify any of pg_net internal tables';
  end if;
end
$function$
"
net,http_collect_response,function,"http_collect_response(request_id bigint, async boolean)","request_id bigint, async boolean DEFAULT true",net.http_response_result,supabase_admin,plpgsql,volatile,false,unsafe,"CREATE OR REPLACE FUNCTION net.http_collect_response(request_id bigint, async boolean DEFAULT true)
 RETURNS net.http_response_result
 LANGUAGE plpgsql
AS $function$
begin
  raise notice 'The net.http_collect_response function is deprecated.';
  select net._http_collect_response(request_id, async);
end;
$function$
"
net,http_delete,function,"http_delete(url text, params jsonb, headers jsonb, timeout_milliseconds integer, body jsonb)","url text, params jsonb DEFAULT '{}'::jsonb, headers jsonb DEFAULT '{}'::jsonb, timeout_milliseconds integer DEFAULT 5000, body jsonb DEFAULT NULL::jsonb",bigint,supabase_admin,plpgsql,volatile,false,unsafe,"CREATE OR REPLACE FUNCTION net.http_delete(url text, params jsonb DEFAULT '{}'::jsonb, headers jsonb DEFAULT '{}'::jsonb, timeout_milliseconds integer DEFAULT 5000, body jsonb DEFAULT NULL::jsonb)
 RETURNS bigint
 LANGUAGE plpgsql
AS $function$
declare
    request_id bigint;
    params_array text[];
begin
    select coalesce(array_agg(net._urlencode_string(key) || '=' || net._urlencode_string(value)), '{}')
    into params_array
    from jsonb_each_text(params);

    -- Add to the request queue
    insert into net.http_request_queue(method, url, headers, body, timeout_milliseconds)
    values (
        'DELETE',
        net._encode_url_with_params_array(url, params_array),
        headers,
        convert_to(body::text, 'UTF8'),
        timeout_milliseconds
    )
    returning id
    into request_id;

    perform net.wake();

    return request_id;
end
$function$
"
net,http_get,function,"http_get(url text, params jsonb, headers jsonb, timeout_milliseconds integer)","url text, params jsonb DEFAULT '{}'::jsonb, headers jsonb DEFAULT '{}'::jsonb, timeout_milliseconds integer DEFAULT 5000",bigint,supabase_admin,plpgsql,volatile,false,unsafe,"CREATE OR REPLACE FUNCTION net.http_get(url text, params jsonb DEFAULT '{}'::jsonb, headers jsonb DEFAULT '{}'::jsonb, timeout_milliseconds integer DEFAULT 5000)
 RETURNS bigint
 LANGUAGE plpgsql
AS $function$
declare
    request_id bigint;
    params_array text[];
begin
    select coalesce(array_agg(net._urlencode_string(key) || '=' || net._urlencode_string(value)), '{}')
    into params_array
    from jsonb_each_text(params);

    -- Add to the request queue
    insert into net.http_request_queue(method, url, headers, timeout_milliseconds)
    values (
        'GET',
        net._encode_url_with_params_array(url, params_array),
        headers,
        timeout_milliseconds
    )
    returning id
    into request_id;

    perform net.wake();

    return request_id;
end
$function$
"
net,http_post,function,"http_post(url text, body jsonb, params jsonb, headers jsonb, timeout_milliseconds integer)","url text, body jsonb DEFAULT '{}'::jsonb, params jsonb DEFAULT '{}'::jsonb, headers jsonb DEFAULT '{""Content-Type"": ""application/json""}'::jsonb, timeout_milliseconds integer DEFAULT 5000",bigint,supabase_admin,plpgsql,volatile,false,unsafe,"CREATE OR REPLACE FUNCTION net.http_post(url text, body jsonb DEFAULT '{}'::jsonb, params jsonb DEFAULT '{}'::jsonb, headers jsonb DEFAULT '{""Content-Type"": ""application/json""}'::jsonb, timeout_milliseconds integer DEFAULT 5000)
 RETURNS bigint
 LANGUAGE plpgsql
AS $function$
declare
    request_id bigint;
    params_array text[];
    content_type text;
begin

    -- Exctract the content_type from headers
    select
        header_value into content_type
    from
        jsonb_each_text(coalesce(headers, '{}'::jsonb)) r(header_name, header_value)
    where
        lower(header_name) = 'content-type'
    limit
        1;

    -- If the user provided new headers and omitted the content type
    -- add it back in automatically
    if content_type is null then
        select headers || '{""Content-Type"": ""application/json""}'::jsonb into headers;
    end if;

    -- Confirm that the content-type is set as ""application/json""
    if content_type <> 'application/json' then
        raise exception 'Content-Type header must be ""application/json""';
    end if;

    select
        coalesce(array_agg(net._urlencode_string(key) || '=' || net._urlencode_string(value)), '{}')
    into
        params_array
    from
        jsonb_each_text(params);

    -- Add to the request queue
    insert into net.http_request_queue(method, url, headers, body, timeout_milliseconds)
    values (
        'POST',
        net._encode_url_with_params_array(url, params_array),
        headers,
        convert_to(body::text, 'UTF8'),
        timeout_milliseconds
    )
    returning id
    into request_id;

    perform net.wake();

    return request_id;
end
$function$
"
net,wait_until_running,function,wait_until_running(),,void,supabase_admin,c,volatile,false,unsafe,"CREATE OR REPLACE FUNCTION net.wait_until_running()
 RETURNS void
 LANGUAGE c
AS 'pg_net', $function$wait_until_running$function$
"
net,wake,function,wake(),,void,supabase_admin,c,volatile,false,unsafe,"CREATE OR REPLACE FUNCTION net.wake()
 RETURNS void
 LANGUAGE c
AS 'pg_net', $function$wake$function$
"
net,worker_restart,function,worker_restart(),,boolean,supabase_admin,c,volatile,false,unsafe,"CREATE OR REPLACE FUNCTION net.worker_restart()
 RETURNS boolean
 LANGUAGE c
AS 'pg_net', $function$worker_restart$function$
"
pg_catalog,RI_FKey_cascade_del,function,RI_FKey_cascade_del(),,trigger,supabase_admin,internal,volatile,false,safe,"CREATE OR REPLACE FUNCTION pg_catalog.""RI_FKey_cascade_del""()
 RETURNS trigger
 LANGUAGE internal
 PARALLEL SAFE STRICT
AS $function$RI_FKey_cascade_del$function$
"
pg_catalog,RI_FKey_cascade_upd,function,RI_FKey_cascade_upd(),,trigger,supabase_admin,internal,volatile,false,safe,"CREATE OR REPLACE FUNCTION pg_catalog.""RI_FKey_cascade_upd""()
 RETURNS trigger
 LANGUAGE internal
 PARALLEL SAFE STRICT
AS $function$RI_FKey_cascade_upd$function$
"
pg_catalog,RI_FKey_check_ins,function,RI_FKey_check_ins(),,trigger,supabase_admin,internal,volatile,false,safe,"CREATE OR REPLACE FUNCTION pg_catalog.""RI_FKey_check_ins""()
 RETURNS trigger
 LANGUAGE internal
 PARALLEL SAFE STRICT
AS $function$RI_FKey_check_ins$function$
"
pg_catalog,RI_FKey_check_upd,function,RI_FKey_check_upd(),,trigger,supabase_admin,internal,volatile,false,safe,"CREATE OR REPLACE FUNCTION pg_catalog.""RI_FKey_check_upd""()
 RETURNS trigger
 LANGUAGE internal
 PARALLEL SAFE STRICT
AS $function$RI_FKey_check_upd$function$
"
pg_catalog,RI_FKey_noaction_del,function,RI_FKey_noaction_del(),,trigger,supabase_admin,internal,volatile,false,safe,"CREATE OR REPLACE FUNCTION pg_catalog.""RI_FKey_noaction_del""()
 RETURNS trigger
 LANGUAGE internal
 PARALLEL SAFE STRICT
AS $function$RI_FKey_noaction_del$function$
"
pg_catalog,RI_FKey_noaction_upd,function,RI_FKey_noaction_upd(),,trigger,supabase_admin,internal,volatile,false,safe,"CREATE OR REPLACE FUNCTION pg_catalog.""RI_FKey_noaction_upd""()
 RETURNS trigger
 LANGUAGE internal
 PARALLEL SAFE STRICT
AS $function$RI_FKey_noaction_upd$function$
"
pg_catalog,RI_FKey_restrict_del,function,RI_FKey_restrict_del(),,trigger,supabase_admin,internal,volatile,false,safe,"CREATE OR REPLACE FUNCTION pg_catalog.""RI_FKey_restrict_del""()
 RETURNS trigger
 LANGUAGE internal
 PARALLEL SAFE STRICT
AS $function$RI_FKey_restrict_del$function$
"
pg_catalog,RI_FKey_restrict_upd,function,RI_FKey_restrict_upd(),,trigger,supabase_admin,internal,volatile,false,safe,"CREATE OR REPLACE FUNCTION pg_catalog.""RI_FKey_restrict_upd""()
 RETURNS trigger
 LANGUAGE internal
 PARALLEL SAFE STRICT
AS $function$RI_FKey_restrict_upd$function$
"
pg_catalog,RI_FKey_setdefault_del,function,RI_FKey_setdefault_del(),,trigger,supabase_admin,internal,volatile,false,safe,"CREATE OR REPLACE FUNCTION pg_catalog.""RI_FKey_setdefault_del""()
 RETURNS trigger
 LANGUAGE internal
 PARALLEL SAFE STRICT
AS $function$RI_FKey_setdefault_del$function$
"
pg_catalog,RI_FKey_setdefault_upd,function,RI_FKey_setdefault_upd(),,trigger,supabase_admin,internal,volatile,false,safe,"CREATE OR REPLACE FUNCTION pg_catalog.""RI_FKey_setdefault_upd""()
 RETURNS trigger
 LANGUAGE internal
 PARALLEL SAFE STRICT
AS $function$RI_FKey_setdefault_upd$function$
"
pg_catalog,RI_FKey_setnull_del,function,RI_FKey_setnull_del(),,trigger,supabase_admin,internal,volatile,false,safe,"CREATE OR REPLACE FUNCTION pg_catalog.""RI_FKey_setnull_del""()
 RETURNS trigger
 LANGUAGE internal
 PARALLEL SAFE STRICT
AS $function$RI_FKey_setnull_del$function$
"
pg_catalog,RI_FKey_setnull_upd,function,RI_FKey_setnull_upd(),,trigger,supabase_admin,internal,volatile,false,safe,"CREATE OR REPLACE FUNCTION pg_catalog.""RI_FKey_setnull_upd""()
 RETURNS trigger
 LANGUAGE internal
 PARALLEL SAFE STRICT
AS $function$RI_FKey_setnull_upd$function$
"
pg_catalog,abbrev,function,abbrev(cidr),cidr,text,supabase_admin,internal,immutable,false,safe,"CREATE OR REPLACE FUNCTION pg_catalog.abbrev(cidr)
 RETURNS text
 LANGUAGE internal
 IMMUTABLE PARALLEL SAFE STRICT
AS $function$cidr_abbrev$function$
"
pg_catalog,abbrev,function,abbrev(inet),inet,text,supabase_admin,internal,immutable,false,safe,"CREATE OR REPLACE FUNCTION pg_catalog.abbrev(inet)
 RETURNS text
 LANGUAGE internal
 IMMUTABLE PARALLEL SAFE STRICT
AS $function$inet_abbrev$function$
"
pg_catalog,abs,function,abs(bigint),bigint,bigint,supabase_admin,internal,immutable,false,safe,"CREATE OR REPLACE FUNCTION pg_catalog.abs(bigint)
 RETURNS bigint
 LANGUAGE internal
 IMMUTABLE PARALLEL SAFE STRICT
AS $function$int8abs$function$
"
pg_catalog,abs,function,abs(double precision),double precision,double precision,supabase_admin,internal,immutable,false,safe,"CREATE OR REPLACE FUNCTION pg_catalog.abs(double precision)
 RETURNS double precision
 LANGUAGE internal
 IMMUTABLE PARALLEL SAFE STRICT
AS $function$float8abs$function$
"
pg_catalog,abs,function,abs(integer),integer,integer,supabase_admin,internal,immutable,false,safe,"CREATE OR REPLACE FUNCTION pg_catalog.abs(integer)
 RETURNS integer
 LANGUAGE internal
 IMMUTABLE PARALLEL SAFE STRICT
AS $function$int4abs$function$
"
pg_catalog,abs,function,abs(numeric),numeric,numeric,supabase_admin,internal,immutable,false,safe,"CREATE OR REPLACE FUNCTION pg_catalog.abs(numeric)
 RETURNS numeric
 LANGUAGE internal
 IMMUTABLE PARALLEL SAFE STRICT
AS $function$numeric_abs$function$
"
pg_catalog,abs,function,abs(real),real,real,supabase_admin,internal,immutable,false,safe,"CREATE OR REPLACE FUNCTION pg_catalog.abs(real)
 RETURNS real
 LANGUAGE internal
 IMMUTABLE PARALLEL SAFE STRICT
AS $function$float4abs$function$
"
pg_catalog,abs,function,abs(smallint),smallint,smallint,supabase_admin,internal,immutable,false,safe,"CREATE OR REPLACE FUNCTION pg_catalog.abs(smallint)
 RETURNS smallint
 LANGUAGE internal
 IMMUTABLE PARALLEL SAFE STRICT
AS $function$int2abs$function$
"
pg_catalog,aclcontains,function,"aclcontains(aclitem[], aclitem)","aclitem[], aclitem",boolean,supabase_admin,internal,immutable,false,safe,"CREATE OR REPLACE FUNCTION pg_catalog.aclcontains(aclitem[], aclitem)
 RETURNS boolean
 LANGUAGE internal
 IMMUTABLE PARALLEL SAFE STRICT
AS $function$aclcontains$function$
"
pg_catalog,acldefault,function,"acldefault(""char"", oid)","""char"", oid",aclitem[],supabase_admin,internal,immutable,false,safe,"CREATE OR REPLACE FUNCTION pg_catalog.acldefault(""char"", oid)
 RETURNS aclitem[]
 LANGUAGE internal
 IMMUTABLE PARALLEL SAFE STRICT
AS $function$acldefault_sql$function$
"
pg_catalog,aclexplode,function,"aclexplode(acl aclitem[], OUT grantor oid, OUT grantee oid, OUT privilege_type text, OUT is_grantable boolean)","acl aclitem[], OUT grantor oid, OUT grantee oid, OUT privilege_type text, OUT is_grantable boolean",SETOF record,supabase_admin,internal,stable,false,safe,"CREATE OR REPLACE FUNCTION pg_catalog.aclexplode(acl aclitem[], OUT grantor oid, OUT grantee oid, OUT privilege_type text, OUT is_grantable boolean)
 RETURNS SETOF record
 LANGUAGE internal
 STABLE PARALLEL SAFE STRICT ROWS 10
AS $function$aclexplode$function$
"
pg_catalog,aclinsert,function,"aclinsert(aclitem[], aclitem)","aclitem[], aclitem",aclitem[],supabase_admin,internal,immutable,false,safe,"CREATE OR REPLACE FUNCTION pg_catalog.aclinsert(aclitem[], aclitem)
 RETURNS aclitem[]
 LANGUAGE internal
 IMMUTABLE PARALLEL SAFE STRICT
AS $function$aclinsert$function$
"
pg_catalog,aclitemeq,function,"aclitemeq(aclitem, aclitem)","aclitem, aclitem",boolean,supabase_admin,internal,immutable,false,safe,"CREATE OR REPLACE FUNCTION pg_catalog.aclitemeq(aclitem, aclitem)
 RETURNS boolean
 LANGUAGE internal
 IMMUTABLE PARALLEL SAFE STRICT
AS $function$aclitem_eq$function$
"
pg_catalog,aclitemin,function,aclitemin(cstring),cstring,aclitem,supabase_admin,internal,stable,false,safe,"CREATE OR REPLACE FUNCTION pg_catalog.aclitemin(cstring)
 RETURNS aclitem
 LANGUAGE internal
 STABLE PARALLEL SAFE STRICT
AS $function$aclitemin$function$
"
pg_catalog,aclitemout,function,aclitemout(aclitem),aclitem,cstring,supabase_admin,internal,stable,false,safe,"CREATE OR REPLACE FUNCTION pg_catalog.aclitemout(aclitem)
 RETURNS cstring
 LANGUAGE internal
 STABLE PARALLEL SAFE STRICT
AS $function$aclitemout$function$
"
pg_catalog,aclremove,function,"aclremove(aclitem[], aclitem)","aclitem[], aclitem",aclitem[],supabase_admin,internal,immutable,false,safe,"CREATE OR REPLACE FUNCTION pg_catalog.aclremove(aclitem[], aclitem)
 RETURNS aclitem[]
 LANGUAGE internal
 IMMUTABLE PARALLEL SAFE STRICT
AS $function$aclremove$function$
"
pg_catalog,acos,function,acos(double precision),double precision,double precision,supabase_admin,internal,immutable,false,safe,"CREATE OR REPLACE FUNCTION pg_catalog.acos(double precision)
 RETURNS double precision
 LANGUAGE internal
 IMMUTABLE PARALLEL SAFE STRICT
AS $function$dacos$function$
"
pg_catalog,acosd,function,acosd(double precision),double precision,double precision,supabase_admin,internal,immutable,false,safe,"CREATE OR REPLACE FUNCTION pg_catalog.acosd(double precision)
 RETURNS double precision
 LANGUAGE internal
 IMMUTABLE PARALLEL SAFE STRICT
AS $function$dacosd$function$
"
pg_catalog,acosh,function,acosh(double precision),double precision,double precision,supabase_admin,internal,immutable,false,safe,"CREATE OR REPLACE FUNCTION pg_catalog.acosh(double precision)
 RETURNS double precision
 LANGUAGE internal
 IMMUTABLE PARALLEL SAFE STRICT
AS $function$dacosh$function$
"